{
	"components": {
	    "x-902337-home-real3": {
			"innerComponents": [],
			"properties": [
				{
				  "name": "mytable",
				  "label": "mytable",
				  "description": "Name of the table to pick caller from",
				  "readOnly": false,
				  "fieldType": "string",
				  "required": true,
				  "defaultValue": "incident"
				},
				{
				  "name": "myquery",
				  "label": "myquery",
				  "description": "The unique identifier for the record",
				  "readOnly": false,
				  "fieldType": "string",
				  "required": true,
				  "defaultValue": ""
				}
			],
			"uiBuilder": {
				"associatedTypes": ["global.core", "global.landing-page"],
				"label": "A GRID 0321_office",
				"icon": "document-outline",
				"description": "여기까지 일단 수정까지 성공했다는거다",
				"category": "primitives"
			},
			"actions": [
                {
                    "name": "EVENT_DEMO",
                    "payload": []
                }
			]
	    }
	},
	"scopeName": "x_902337_lhyuns_14"
}